{
    "tags": {
        "dictionaries": ["jsdoc"]
    },
    "source": {
        "include": ["lib/", "package.json", "README.md"],
        "includePattern": ".js$",
        "excludePattern": "(node_modules/|docs)"
    },
    "plugins": [
        "plugins/markdown"
    ],
    "templates": {
        "cleverLinks": false,
        "monospaceLinks": true
    },
    "opts": {
        "destination": "./docs/",
        "encoding": "utf8",
        "recurse": true,
        "template": "./node_modules/minami"
    }
}
